<?xml version="1.0" encoding="UTF-8" ?>
<!DOCTYPE log4j:configuration SYSTEM "log4j.dtd">

<log4j:configuration xmlns:log4j="http://jakarta.apache.org/log4j/">

	<appender name="console" class="org.apache.log4j.ConsoleAppender"> 
		<param name="Target" value="System.out"/> 
		<layout class="org.apache.log4j.PatternLayout"> 
			<param name="ConversionPattern" value="%-5p [%d{dd/MM/yy hh:mm:ss z}] [%c{1}]: %m%n"/> 
		</layout> 
	</appender> 

	<appender name="file" class="org.apache.log4j.FileAppender">
		<param name="File" value="TransportMainApplication.log" />
		<layout class="org.apache.log4j.PatternLayout">
			<param name="ConversionPattern" value="%-5p [%d{dd/MM/yy hh:mm:ss z}] [%c{1}]: %m%n" />
		</layout>
	</appender>

	<logger name="dsd.transport4you" additivity="true">
		<level value="info" />
		<appender-ref ref="file" />
	</logger>
	
	<!-- <logger name="dsd.transport4you" additivity="false">
		<level value="info" />
		<appender-ref ref="console" />
	</logger>-->
	
	<root>
		<priority value="info" />
		<appender-ref ref="console" />
	</root>
  
</log4j:configuration>