<?xml version="1.0" encoding="UTF-8" standalone="no"?>
<!-- WARNING: Eclipse auto-generated file.
              Any modifications will be overwritten.
              To include a user specific buildfile here, simply create one in the same
              directory with the processing instruction <?eclipse.ant.import?>
              as the first entry and export the buildfile again. -->
<project basedir="." default="build" name="TransportMainApplication">
    <property environment="env"/>
    <property name="ECLIPSE_HOME" value="../../../eclipse"/>
    <property name="TransportTestApplication.location" value="../TransportTestApplication"/>
    <property name="TransportInterfaces.location" value="../TransportInterfaces"/>
    <property name="TransportCommunicationProtocols.location" value="../TransportCommunicationProtocols"/>
    <property name="TransportModel.location" value="../TransportModel"/>
    <property name="debuglevel" value="source,lines,vars"/>
    <property name="target" value="1.6"/>
    <property name="source" value="1.6"/>
    <path id="EAR Libraries.libraryclasspath"/>
    <path id="TransportInterfaces.classpath">
        <pathelement location="${TransportInterfaces.location}/bin"/>
        <path refid="EAR Libraries.libraryclasspath"/>
    </path>
    <path id="TransportModel.classpath">
        <pathelement location="${TransportModel.location}/bin"/>
        <pathelement location="${TransportModel.location}/lib/antlr-2.7.6.jar"/>
        <pathelement location="${TransportModel.location}/lib/asm-attrs.jar"/>
        <pathelement location="${TransportModel.location}/lib/asm.jar"/>
        <pathelement location="${TransportModel.location}/lib/c3p0-0.9.1.jar"/>
        <pathelement location="${TransportModel.location}/lib/cglib-2.1.3.jar"/>
        <pathelement location="${TransportModel.location}/lib/commons-collections-2.1.1.jar"/>
        <pathelement location="${TransportModel.location}/lib/commons-logging-1.0.4.jar"/>
        <pathelement location="${TransportModel.location}/lib/dom4j-1.6.1.jar"/>
        <pathelement location="${TransportModel.location}/lib/ehcache-1.2.3.jar"/>
        <pathelement location="${TransportModel.location}/lib/ejb3-persistence.jar"/>
        <pathelement location="${TransportModel.location}/lib/hibernate-annotations.jar"/>
        <pathelement location="${TransportModel.location}/lib/hibernate-commons-annotations.jar"/>
        <pathelement location="${TransportModel.location}/lib/hibernate-entitymanager.jar"/>
        <pathelement location="${TransportModel.location}/lib/hibernate-validator.jar"/>
        <pathelement location="${TransportModel.location}/lib/hibernate3.jar"/>
        <pathelement location="${TransportModel.location}/lib/javassist.jar"/>
        <pathelement location="${TransportModel.location}/lib/jta.jar"/>
        <pathelement location="${TransportModel.location}/lib/mysql-connector-java-5.1.7-bin.jar"/>
        <pathelement location="${TransportModel.location}/lib/pdfParser.jar"/>
        <pathelement location="${TransportModel.location}/lib/xml-apis.jar"/>
        <pathelement location="${TransportModel.location}/lib/log4j-1.2.16.jar"/>
        <pathelement location="${TransportModel.location}/lib/xstream/jdom-1.1.jar"/>
        <pathelement location="${TransportModel.location}/lib/xstream/jettison-1.0.1.jar"/>
        <pathelement location="${TransportModel.location}/lib/xstream/joda-time-1.6.jar"/>
        <pathelement location="${TransportModel.location}/lib/xstream/stax-1.2.0.jar"/>
        <pathelement location="${TransportModel.location}/lib/xstream/stax-api-1.0.1.jar"/>
        <pathelement location="${TransportModel.location}/lib/xstream/xml-writer-0.2.jar"/>
        <pathelement location="${TransportModel.location}/lib/xstream/xom-1.1.jar"/>
        <pathelement location="${TransportModel.location}/lib/xstream/xpp3_min-1.1.4c.jar"/>
        <pathelement location="${TransportModel.location}/lib/xstream/xstream-1.3.1.jar"/>
        <pathelement location="${TransportModel.location}/lib/xstream/xstream-benchmark-1.3.1.jar"/>
        <pathelement location="${TransportModel.location}/lib/hibernate-tools.jar"/>
        <pathelement location="${TransportModel.location}/lib/junit-4.8.2.jar"/>
        <path refid="EAR Libraries.libraryclasspath"/>
        <path refid="TransportInterfaces.classpath"/>
    </path>
    <path id="JUnit 4.libraryclasspath">
        <pathelement location="${ECLIPSE_HOME}/plugins/org.junit_4.8.1.v4_8_1_v20100427-1100/junit.jar"/>
        <pathelement location="${ECLIPSE_HOME}/plugins/org.hamcrest.core_1.1.0.v20090501071000.jar"/>
    </path>
    <path id="TransportCommunicationProtocols.classpath">
        <pathelement location="${TransportCommunicationProtocols.location}/bin"/>
        <pathelement location="${TransportCommunicationProtocols.location}/lib/commons-logging-1.0.4.jar"/>
        <pathelement location="${TransportCommunicationProtocols.location}/lib/log4j-1.2.16.jar"/>
        <pathelement location="${TransportCommunicationProtocols.location}/lib/commons-codec-1.3.jar"/>
        <path refid="TransportInterfaces.classpath"/>
        <path refid="JUnit 4.libraryclasspath"/>
        <pathelement location="${TransportCommunicationProtocols.location}/lib/gson-1.5-javadoc.jar"/>
        <pathelement location="${TransportCommunicationProtocols.location}/lib/gson-1.5-sources.jar"/>
        <pathelement location="${TransportCommunicationProtocols.location}/lib/gson-1.5.jar"/>
        <pathelement location="${TransportCommunicationProtocols.location}/lib/commons-httpclient-3.0.1.jar"/>
        <pathelement location="${TransportCommunicationProtocols.location}/lib/httpclient-4.0.1.jar"/>
        <pathelement location="${TransportCommunicationProtocols.location}/lib/paypal/activation.jar"/>
        <pathelement location="${TransportCommunicationProtocols.location}/lib/paypal/axis-ant.jar"/>
        <pathelement location="${TransportCommunicationProtocols.location}/lib/paypal/axis-schema.jar"/>
        <pathelement location="${TransportCommunicationProtocols.location}/lib/paypal/axis.jar"/>
        <pathelement location="${TransportCommunicationProtocols.location}/lib/paypal/client-config.wsdd"/>
        <pathelement location="${TransportCommunicationProtocols.location}/lib/paypal/commons-codec-1.3.jar"/>
        <pathelement location="${TransportCommunicationProtocols.location}/lib/paypal/commons-discovery-0.2.jar"/>
        <pathelement location="${TransportCommunicationProtocols.location}/lib/paypal/commons-logging-1.0.4.jar"/>
        <pathelement location="${TransportCommunicationProtocols.location}/lib/paypal/jaxrpc.jar"/>
        <pathelement location="${TransportCommunicationProtocols.location}/lib/paypal/log4j-1.2.8.jar"/>
        <pathelement location="${TransportCommunicationProtocols.location}/lib/paypal/log4j.properties"/>
        <pathelement location="${TransportCommunicationProtocols.location}/lib/paypal/mailapi.jar"/>
        <pathelement location="${TransportCommunicationProtocols.location}/lib/paypal/paypal_base.jar"/>
        <pathelement location="${TransportCommunicationProtocols.location}/lib/paypal/paypal_console.jar"/>
        <pathelement location="${TransportCommunicationProtocols.location}/lib/paypal/paypal_stubs.jar"/>
        <pathelement location="${TransportCommunicationProtocols.location}/lib/paypal/saaj.jar"/>
        <pathelement location="${TransportCommunicationProtocols.location}/lib/paypal/wsdl4j-1.5.1.jar"/>
        <pathelement location="${TransportCommunicationProtocols.location}/lib/paypal/xerces.jar"/>
        <pathelement location="${TransportCommunicationProtocols.location}/lib/paypal/xercesImpl.jar"/>
        <pathelement location="${TransportCommunicationProtocols.location}/lib/paypal/xpp3-1.1.3.4d_b4_min.jar"/>
        <pathelement location="${TransportCommunicationProtocols.location}/lib/paypal/xstream-1.1.3.jar"/>
        <path refid="EAR Libraries.libraryclasspath"/>
    </path>
    <path id="TransportMainApplication.classpath">
        <pathelement location="bin"/>
        <path refid="TransportModel.classpath"/>
        <path refid="TransportCommunicationProtocols.classpath"/>
        <path refid="TransportInterfaces.classpath"/>
        <pathelement location="lib/commons-logging-1.0.4.jar"/>
    </path>
    <target name="init">
        <mkdir dir="bin"/>
        <copy includeemptydirs="false" todir="bin">
            <fileset dir="src">
                <exclude name="**/*.launch"/>
                <exclude name="**/*.java"/>
            </fileset>
        </copy>
        <copy includeemptydirs="false" todir="bin">
            <fileset dir="i18n">
                <exclude name="**/*.launch"/>
                <exclude name="**/*.java"/>
            </fileset>
        </copy>
        <copy includeemptydirs="false" todir="bin">
            <fileset dir="conf">
                <exclude name="**/*.launch"/>
                <exclude name="**/*.java"/>
            </fileset>
        </copy>
    </target>
    <target name="clean">
        <delete dir="bin"/>
    </target>
    <target depends="clean" name="cleanall">
        <ant antfile="buildTransportMainApplication.xml" dir="${TransportInterfaces.location}" inheritAll="false" target="clean"/>
        <ant antfile="buildTransportMainApplication.xml" dir="${TransportCommunicationProtocols.location}" inheritAll="false" target="clean"/>
        <ant antfile="buildTransportMainApplication.xml" dir="${TransportModel.location}" inheritAll="false" target="clean"/>
    </target>
    <target depends="build-subprojects,build-project" name="build"/>
    <target name="build-subprojects">
        <ant antfile="buildTransportMainApplication.xml" dir="${TransportInterfaces.location}" inheritAll="false" target="build-project">
            <propertyset>
                <propertyref name="build.compiler"/>
            </propertyset>
        </ant>
        <ant antfile="buildTransportMainApplication.xml" dir="${TransportCommunicationProtocols.location}" inheritAll="false" target="build-project">
            <propertyset>
                <propertyref name="build.compiler"/>
            </propertyset>
        </ant>
        <ant antfile="buildTransportMainApplication.xml" dir="${TransportModel.location}" inheritAll="false" target="build-project">
            <propertyset>
                <propertyref name="build.compiler"/>
            </propertyset>
        </ant>
    </target>
    <target depends="init" name="build-project">
        <echo message="${ant.project.name}: ${ant.file}"/>
        <javac debug="true" debuglevel="${debuglevel}" destdir="bin" source="${source}" target="${target}">
            <src path="src"/>
            <classpath refid="TransportMainApplication.classpath"/>
        </javac>
        <javac debug="true" debuglevel="${debuglevel}" destdir="bin" source="${source}" target="${target}">
            <src path="i18n"/>
            <classpath refid="TransportMainApplication.classpath"/>
        </javac>
        <javac debug="true" debuglevel="${debuglevel}" destdir="bin" source="${source}" target="${target}">
            <src path="conf"/>
            <classpath refid="TransportMainApplication.classpath"/>
        </javac>
    </target>
    <target description="Build all projects which reference this project. Useful to propagate changes." name="build-refprojects">
        <ant antfile="buildTransportMainApplication.xml" dir="${TransportTestApplication.location}" inheritAll="false" target="clean"/>
        <ant antfile="buildTransportMainApplication.xml" dir="${TransportTestApplication.location}" inheritAll="false" target="build">
            <propertyset>
                <propertyref name="build.compiler"/>
            </propertyset>
        </ant>
    </target>
    <target description="copy Eclipse compiler jars to ant lib directory" name="init-eclipse-compiler">
        <copy todir="${ant.library.dir}">
            <fileset dir="${ECLIPSE_HOME}/plugins" includes="org.eclipse.jdt.core_*.jar"/>
        </copy>
        <unzip dest="${ant.library.dir}">
            <patternset includes="jdtCompilerAdapter.jar"/>
            <fileset dir="${ECLIPSE_HOME}/plugins" includes="org.eclipse.jdt.core_*.jar"/>
        </unzip>
    </target>
    <target description="compile project with Eclipse compiler" name="build-eclipse-compiler">
        <property name="build.compiler" value="org.eclipse.jdt.core.JDTCompilerAdapter"/>
        <antcall target="build"/>
    </target>
    <target name="TransportMainApplication">
        <java classname="dsd.transport4you.main.TransportMainApplication" failonerror="true" fork="yes">
            <classpath refid="TransportMainApplication.classpath"/>
        </java>
    </target>
    <target name="SMSUserNotifier">
        <java classname="dsd.transport4you.main.notification.SMSUserNotifier" failonerror="true" fork="yes">
            <classpath refid="TransportMainApplication.classpath"/>
        </java>
    </target>
</project>
