<?xml version="1.0" encoding="UTF-8" standalone="no"?>
<!-- WARNING: Eclipse auto-generated file.
              Any modifications will be overwritten.
              To include a user specific buildfile here, simply create one in the same
              directory with the processing instruction <?eclipse.ant.import?>
              as the first entry and export the buildfile again. -->
<project basedir="." default="build" name="TransportCommunicationProtocols">
    <property environment="env"/>
    <property name="ECLIPSE_HOME" value="../../../eclipse"/>
    <property name="TransportMainApplication.location" value="../TransportMainApplication"/>
    <property name="TransportTestApplication.location" value="../TransportTestApplication"/>
    <property name="TransportUnitApplication.location" value="../TransportUnitApplication"/>
    <property name="TransportWebApplicationS.location" value="../TransportWebApplicationS"/>
    <property name="TransportInterfaces.location" value="../TransportInterfaces"/>
    <property name="debuglevel" value="source,lines,vars"/>
    <property name="target" value="1.6"/>
    <property name="source" value="1.6"/>
    <path id="EAR Libraries.libraryclasspath"/>
    <path id="TransportInterfaces.classpath">
        <pathelement location="${TransportInterfaces.location}/bin"/>
        <path refid="EAR Libraries.libraryclasspath"/>
    </path>
    <path id="JUnit 4.libraryclasspath">
        <pathelement location="${ECLIPSE_HOME}/plugins/org.junit_4.8.1.v4_8_1_v20100427-1100/junit.jar"/>
        <pathelement location="${ECLIPSE_HOME}/plugins/org.hamcrest.core_1.1.0.v20090501071000.jar"/>
    </path>
    <path id="TransportCommunicationProtocols.classpath">
        <pathelement location="bin"/>
        <pathelement location="lib/commons-logging-1.0.4.jar"/>
        <pathelement location="lib/log4j-1.2.16.jar"/>
        <pathelement location="lib/commons-codec-1.3.jar"/>
        <path refid="TransportInterfaces.classpath"/>
        <path refid="JUnit 4.libraryclasspath"/>
        <pathelement location="lib/gson-1.5-javadoc.jar"/>
        <pathelement location="lib/gson-1.5-sources.jar"/>
        <pathelement location="lib/gson-1.5.jar"/>
        <pathelement location="lib/commons-httpclient-3.0.1.jar"/>
        <pathelement location="lib/httpclient-4.0.1.jar"/>
        <pathelement location="lib/paypal/activation.jar"/>
        <pathelement location="lib/paypal/axis-ant.jar"/>
        <pathelement location="lib/paypal/axis-schema.jar"/>
        <pathelement location="lib/paypal/axis.jar"/>
        <pathelement location="lib/paypal/client-config.wsdd"/>
        <pathelement location="lib/paypal/commons-codec-1.3.jar"/>
        <pathelement location="lib/paypal/commons-discovery-0.2.jar"/>
        <pathelement location="lib/paypal/commons-logging-1.0.4.jar"/>
        <pathelement location="lib/paypal/jaxrpc.jar"/>
        <pathelement location="lib/paypal/log4j-1.2.8.jar"/>
        <pathelement location="lib/paypal/log4j.properties"/>
        <pathelement location="lib/paypal/mailapi.jar"/>
        <pathelement location="lib/paypal/paypal_base.jar"/>
        <pathelement location="lib/paypal/paypal_console.jar"/>
        <pathelement location="lib/paypal/paypal_stubs.jar"/>
        <pathelement location="lib/paypal/saaj.jar"/>
        <pathelement location="lib/paypal/wsdl4j-1.5.1.jar"/>
        <pathelement location="lib/paypal/xerces.jar"/>
        <pathelement location="lib/paypal/xercesImpl.jar"/>
        <pathelement location="lib/paypal/xpp3-1.1.3.4d_b4_min.jar"/>
        <pathelement location="lib/paypal/xstream-1.1.3.jar"/>
        <path refid="EAR Libraries.libraryclasspath"/>
    </path>
    <target name="init">
        <mkdir dir="bin"/>
        <copy includeemptydirs="false" todir="bin">
            <fileset dir="src">
                <exclude name="**/*.launch"/>
                <exclude name="**/*.java"/>
            </fileset>
        </copy>
        <copy includeemptydirs="false" todir="bin">
            <fileset dir="config">
                <exclude name="**/*.launch"/>
                <exclude name="**/*.java"/>
            </fileset>
        </copy>
    </target>
    <target name="clean">
        <delete dir="bin"/>
    </target>
    <target depends="clean" name="cleanall">
        <ant antfile="buildTransportMainApplication.xml" dir="${TransportInterfaces.location}" inheritAll="false" target="clean"/>
    </target>
    <target depends="build-subprojects,build-project" name="build"/>
    <target name="build-subprojects">
        <ant antfile="buildTransportMainApplication.xml" dir="${TransportInterfaces.location}" inheritAll="false" target="build-project">
            <propertyset>
                <propertyref name="build.compiler"/>
            </propertyset>
        </ant>
    </target>
    <target depends="init" name="build-project">
        <echo message="${ant.project.name}: ${ant.file}"/>
        <javac debug="true" debuglevel="${debuglevel}" destdir="bin" source="${source}" target="${target}">
            <src path="src"/>
            <classpath refid="TransportCommunicationProtocols.classpath"/>
        </javac>
        <javac debug="true" debuglevel="${debuglevel}" destdir="bin" source="${source}" target="${target}">
            <src path="config"/>
            <classpath refid="TransportCommunicationProtocols.classpath"/>
        </javac>
    </target>
    <target description="Build all projects which reference this project. Useful to propagate changes." name="build-refprojects">
        <ant antfile="buildTransportMainApplication.xml" dir="${TransportMainApplication.location}" inheritAll="false" target="clean"/>
        <ant antfile="buildTransportMainApplication.xml" dir="${TransportMainApplication.location}" inheritAll="false" target="build">
            <propertyset>
                <propertyref name="build.compiler"/>
            </propertyset>
        </ant>
        <ant antfile="buildTransportMainApplication.xml" dir="${TransportTestApplication.location}" inheritAll="false" target="clean"/>
        <ant antfile="buildTransportMainApplication.xml" dir="${TransportTestApplication.location}" inheritAll="false" target="build">
            <propertyset>
                <propertyref name="build.compiler"/>
            </propertyset>
        </ant>
        <ant antfile="buildTransportMainApplication.xml" dir="${TransportUnitApplication.location}" inheritAll="false" target="clean"/>
        <ant antfile="buildTransportMainApplication.xml" dir="${TransportUnitApplication.location}" inheritAll="false" target="build">
            <propertyset>
                <propertyref name="build.compiler"/>
            </propertyset>
        </ant>
        <ant antfile="buildTransportMainApplication.xml" dir="${TransportWebApplicationS.location}" inheritAll="false" target="clean"/>
        <ant antfile="buildTransportMainApplication.xml" dir="${TransportWebApplicationS.location}" inheritAll="false" target="build">
            <propertyset>
                <propertyref name="build.compiler"/>
            </propertyset>
        </ant>
    </target>
    <target description="copy Eclipse compiler jars to ant lib directory" name="init-eclipse-compiler">
        <copy todir="${ant.library.dir}">
            <fileset dir="${ECLIPSE_HOME}/plugins" includes="org.eclipse.jdt.core_*.jar"/>
        </copy>
        <unzip dest="${ant.library.dir}">
            <patternset includes="jdtCompilerAdapter.jar"/>
            <fileset dir="${ECLIPSE_HOME}/plugins" includes="org.eclipse.jdt.core_*.jar"/>
        </unzip>
    </target>
    <target description="compile project with Eclipse compiler" name="build-eclipse-compiler">
        <property name="build.compiler" value="org.eclipse.jdt.core.JDTCompilerAdapter"/>
        <antcall target="build"/>
    </target>
    <target name="GNokiiSMSModule">
        <java classname="dsd.transport4you.commprot.sms.GNokiiSMSModule" failonerror="true" fork="yes">
            <classpath refid="TransportCommunicationProtocols.classpath"/>
        </java>
    </target>
</project>
