<?xml version="1.0" encoding="UTF-8" standalone="no"?>
<!-- WARNING: Eclipse auto-generated file.
              Any modifications will be overwritten.
              To include a user specific buildfile here, simply create one in the same
              directory with the processing instruction <?eclipse.ant.import?>
              as the first entry and export the buildfile again. -->
<project basedir="." default="build" name="TransportCommunicationProtocols">
    <property environment="env"/>
    <property name="TransportMainApplication.location" value="../TransportMainApplication"/>
    <property name="TransportUnitApplication.location" value="../TransportUnitApplication"/>
    <property name="ECLIPSE_HOME" value="../../../eclipse"/>
    <property name="TransportInterfaces.location" value="../TransportInterfaces"/>
    <property name="debuglevel" value="source,lines,vars"/>
    <property name="target" value="1.6"/>
    <property name="source" value="1.6"/>
    <path id="TransportInterfaces.classpath">
        <pathelement location="${TransportInterfaces.location}/bin"/>
    </path>
    <path id="TransportCommunicationProtocols.classpath">
        <pathelement location="bin"/>
        <pathelement location="lib/commons-logging-1.0.4.jar"/>
        <pathelement location="lib/log4j-1.2.16.jar"/>
        <path refid="TransportInterfaces.classpath"/>
        <pathelement location="lib/json_simple-1.1.jar"/>
    </path>
    <target name="init">
        <mkdir dir="bin"/>
        <copy includeemptydirs="false" todir="bin">
            <fileset dir="src">
                <exclude name="**/*.launch"/>
                <exclude name="**/*.java"/>
            </fileset>
        </copy>
        <copy includeemptydirs="false" todir="bin">
            <fileset dir="config">
                <exclude name="**/*.launch"/>
                <exclude name="**/*.java"/>
            </fileset>
        </copy>
    </target>
    <target name="clean">
        <delete dir="bin"/>
    </target>
    <target depends="clean" name="cleanall">
        <ant antfile="${TransportInterfaces.location}/build.xml" dir="${TransportInterfaces.location}" inheritAll="false" target="clean"/>
    </target>
    <target depends="build-subprojects,build-project" name="build"/>
    <target name="build-subprojects">
        <ant antfile="${TransportInterfaces.location}/build.xml" dir="${TransportInterfaces.location}" inheritAll="false" target="build-project">
            <propertyset>
                <propertyref name="build.compiler"/>
            </propertyset>
        </ant>
    </target>
    <target depends="init" name="build-project">
        <echo message="${ant.project.name}: ${ant.file}"/>
        <javac debug="true" debuglevel="${debuglevel}" destdir="bin" source="${source}" target="${target}">
            <src path="src"/>
            <classpath refid="TransportCommunicationProtocols.classpath"/>
        </javac>
        <javac debug="true" debuglevel="${debuglevel}" destdir="bin" source="${source}" target="${target}">
            <src path="config"/>
            <classpath refid="TransportCommunicationProtocols.classpath"/>
        </javac>
    </target>
    <target description="Build all projects which reference this project. Useful to propagate changes." name="build-refprojects">
        <ant antfile="${TransportMainApplication.location}/build.xml" dir="${TransportMainApplication.location}" inheritAll="false" target="clean"/>
        <ant antfile="${TransportMainApplication.location}/build.xml" dir="${TransportMainApplication.location}" inheritAll="false" target="build">
            <propertyset>
                <propertyref name="build.compiler"/>
            </propertyset>
        </ant>
        <ant antfile="${TransportUnitApplication.location}/build.xml" dir="${TransportUnitApplication.location}" inheritAll="false" target="clean"/>
        <ant antfile="${TransportUnitApplication.location}/build.xml" dir="${TransportUnitApplication.location}" inheritAll="false" target="build">
            <propertyset>
                <propertyref name="build.compiler"/>
            </propertyset>
        </ant>
    </target>
    <target description="copy Eclipse compiler jars to ant lib directory" name="init-eclipse-compiler">
        <copy todir="${ant.library.dir}">
            <fileset dir="${ECLIPSE_HOME}/plugins" includes="org.eclipse.jdt.core_*.jar"/>
        </copy>
        <unzip dest="${ant.library.dir}">
            <patternset includes="jdtCompilerAdapter.jar"/>
            <fileset dir="${ECLIPSE_HOME}/plugins" includes="org.eclipse.jdt.core_*.jar"/>
        </unzip>
    </target>
    <target description="compile project with Eclipse compiler" name="build-eclipse-compiler">
        <property name="build.compiler" value="org.eclipse.jdt.core.JDTCompilerAdapter"/>
        <antcall target="build"/>
    </target>
</project>
