<?xml version="1.0" encoding="UTF-8"?>

<transport-network name="MyTransportNetwork">

	
	<transport-stations>
		<transport-station name="StationA">
			<gps-location>
				<latitude>-4223.2323</latitude>
				<longitude>-423.2324</longitude>
			</gps-location>
		</transport-station>
		<transport-station name="StationB">
			<gps-location>
				<latitude>1223.2323</latitude>
				<longitude>-323.2324</longitude>
			</gps-location>
		</transport-station>
		<transport-station name="StationC">
			<gps-location>
				<latitude>2223.2323</latitude>
				<longitude>423.2324</longitude>
			</gps-location>
		</transport-station>
		<transport-station name="StationD">
			<gps-location>
				<latitude>3223.2323</latitude>
				<longitude>823.2324</longitude>
			</gps-location>
		</transport-station>
		<transport-station name="StationE">
			<gps-location>
				<latitude>7223.2323</latitude>
				<longitude>923.2324</longitude>
			</gps-location>
		</transport-station>
	</transport-stations>
	
	<transport-lines>
		<transport-line name="1">
			<forward-transport-stations>
				<transport-station>StationA</transport-station>
				<transport-station>StationB</transport-station>
				<transport-station>StationC</transport-station>
			</forward-transport-stations>
			<backward-transport-stations>
				<transport-station>StationC</transport-station>
				<transport-station>StationD</transport-station>
				<transport-station>StationB</transport-station>
				<transport-station>StationE</transport-station>
			</backward-transport-stations>
		</transport-line>
		<transport-line name="2">
			<forward-transport-stations>
				<transport-station>StationB</transport-station>
				<transport-station>StationC</transport-station>
				<transport-station>StationD</transport-station>
			</forward-transport-stations>
			<backward-transport-stations>
				<transport-station>StationD</transport-station>
				<transport-station>StationE</transport-station>
				<transport-station>StationB</transport-station>
			</backward-transport-stations>
		</transport-line>
		
		<transport-line name="15">
			<forward-transport-stations>
				<transport-station>StationB</transport-station>
				<transport-station>StationC</transport-station>
			</forward-transport-stations>
			<backward-transport-stations>
				<transport-station>StationC</transport-station>
				<transport-station>StationB</transport-station>
			</backward-transport-stations>
		</transport-line>
	</transport-lines>
	
</transport-network>

