<zuiprezi>
  <version>4</version>
  <zui-table>
    <settings>
      <autoplay>
        <delay>4000</delay>
      </autoplay>
      <bounds x="-173705.8039703369" y="-118840.91491699219" width="347411.6079406738" height="237681.82983398438"/>
    </settings>
    <object id="0_360657" type="button" x="2970.55" y="-54096.4" r="0" s="387.3438415527344" class="circle">
      <type>circle</type>
      <size>
        <w>147.6</w>
        <h>147.6</h>
      </size>
    </object>
    <object id="1_360657" type="button" x="-67856.95" y="12901.5" r="30.313612198009583" s="301.55975043917823" class="circle">
      <type>circle</type>
      <size>
        <w>147.6</w>
        <h>147.6</h>
      </size>
    </object>
    <object id="2_360657" type="button" x="2966.5" y="12901.5" r="0" s="301.9909362792969" class="circle">
      <type>circle</type>
      <size>
        <w>147.6</w>
        <h>147.6</h>
      </size>
    </object>
    <object id="3_360657" type="button" x="70367.4" y="12913.9" r="-33.07444894371185" s="301.536243700249" class="circle">
      <type>circle</type>
      <size>
        <w>144.8</w>
        <h>144.8</h>
      </size>
    </object>
    <object id="4_360657" type="shape" x="1528.4" y="-15539.3" r="0" s="108.30024719238281">
      <geom type="line">
        <sp>-529.725 89.25</sp>
        <ep>529.7249999999999 89.25</ep>
        <b>-178.5</b>
        <t>8</t>
      </geom>
    </object>
    <object id="5_360657" type="shape" x="2925.2409261119433" y="-17322.579904444516" r="90" s="121.8176790770521">
      <geom type="line">
        <sp>-64.075 0</sp>
        <ep>64.075 0</ep>
        <t>8</t>
      </geom>
    </object>
    <object id="6_360657" type="label" x="3393.787889191663" y="-63378.29903636787" r="0" s="177.57857064174502" class="strong">
      <textfield>
        <x>-95.2</x>
        <y>-18.3</y>
        <text><![CDATA[Árvore de decisão]]></text>
        <annotations>r0-17 { align: left; }</annotations>
      </textfield>
    </object>
    <object id="6" type="image" x="-67495.2" y="11475.65" r="30.3135922243722" s="38.71368127429468">
      <source w="640" h="480">
        playtennis.png
        <url>playtennis.png</url>
      </source>
    </object>
    <object id="7_360657" type="label" x="-60650.04914810339" y="90.19627722301254" r="30.313614476177097" s="120.14971156715323" class="strong">
      <textfield>
        <x>-109.2</x>
        <y>-18.3</y>
        <text><![CDATA[Conjunto PlayTennis]]></text>
        <annotations>r0-19 { align: left; }</annotations>
      </textfield>
    </object>
    <object id="13" type="image" x="-7202.597073229169" y="10674.58138481855" r="0" s="11.548761890749038">
      <source w="1366" h="728">
        adultcensus.png
        <url>adultcensus.png</url>
      </source>
    </object>
    <object id="15" type="video" x="11525.071095561232" y="11533.242049340299" r="0" s="45.25380046956544" onFocus="start" onLeave="pause">
      <source>
        ds7tgsc8f3.m4v
        <url>ds7tgsc8f3.m4v</url>
      </source>
    </object>
    <object id="8_360657" type="label" x="2625.36297509959" y="-1203.853856782248" r="0" s="120.14971685352266" class="strong">
      <textfield>
        <x>-117.6</x>
        <y>-18.3</y>
        <text><![CDATA[Conjunto AdultCensus]]></text>
        <annotations>r0-20 { align: left; }</annotations>
      </textfield>
    </object>
    <object id="9_360657" type="label" x="63084.4" y="1169.25" r="-33.07444712203702" s="235.45215597437314" class="strong">
      <textfield>
        <x>-59.2</x>
        <y>-18.3</y>
        <text><![CDATA[Resultados]]></text>
        <annotations>r0-10 { align: left; }</annotations>
      </textfield>
    </object>
    <object id="10_360657" type="button" x="63129.06520950306" y="66875.96066889098" r="1.000269206035293" s="152.4536789585642" class="circle">
      <type>circle</type>
      <size>
        <w>147.6</w>
        <h>147.6</h>
      </size>
    </object>
    <object id="11_360657" type="button" x="93220.45" y="47072.7" r="-33.07443629978846" s="152.46302187119832" class="circle">
      <type>circle</type>
      <size>
        <w>147.6</w>
        <h>147.6</h>
      </size>
    </object>
    <object id="12_360657" type="button" x="121545.1" y="28489.9" r="-65.23694968983222" s="152.4630218603729" class="circle">
      <type>circle</type>
      <size>
        <w>144.8</w>
        <h>144.8</h>
      </size>
    </object>
    <object id="13_360657" type="shape" x="84924.95" y="35664.25" r="-33.074460537482416" s="54.67598232294038">
      <geom type="line">
        <sp>-529.725 89.25</sp>
        <ep>529.7249999999999 89.25</ep>
        <b>-178.5</b>
        <t>8</t>
      </geom>
    </object>
    <object id="14_360657" type="shape" x="85027.63580606731" y="34517.95740042025" r="56.92560360586504" s="61.50068494857676">
      <geom type="line">
        <sp>-64.075 0</sp>
        <ep>64.075 0</ep>
        <t>8</t>
      </geom>
    </object>
    <object id="0" type="image" x="62870.55" y="68908.05" r="1.0002574542374432" s="18.98946594263141">
      <source w="573" h="380">
        grafico1.png
        <url>grafico1.png</url>
      </source>
      <sourceUrl>grafico1.png</sourceUrl>
    </object>
    <object id="15_360657" type="label" x="63270.4" y="61404.8" r="1.0002552418066022" s="85.03032927405938" class="strong">
      <textfield>
        <x>-84.8</x>
        <y>-18.3</y>
        <text><![CDATA[Taxa de acertos]]></text>
        <annotations>r0-15 { align: left; }</annotations>
      </textfield>
    </object>
    <object id="1" type="image" x="94122.05" y="48764.75" r="-33.07447705733408" s="23.749741650273666">
      <source w="614" h="355">
        disc_dados.png
        <url>disc_dados.png</url>
      </source>
      <sourceUrl>disc_dados.png</sourceUrl>
    </object>
    <object id="16_360657" type="label" x="89560.65" y="41314" r="-33.074451914030846" s="60.73967125530597" class="strong">
      <textfield>
        <x>-129.5</x>
        <y>-18.3</y>
        <text><![CDATA[Discretização dos dados]]></text>
        <annotations>r0-23 { align: left; }</annotations>
      </textfield>
    </object>
    <object id="29" type="image" x="124954" y="30063.35" r="-65.21326830452438" s="12.943307820450299">
      <source w="988" h="296">
        comp_pt_ac.png
        <url>comp_pt_ac.png</url>
      </source>
      <sourceUrl>comp_pt_ac.png</sourceUrl>
    </object>
    <object id="17_360657" type="label" x="116454.95" y="26080.3" r="-65.23696497368284" s="85.03553481398129" class="strong">
      <textfield>
        <x>-70.5</x>
        <y>-50.95</y>
        <text><![CDATA[PlayTennis x AdultCensus]]></text>
        <annotations>r0-12 { align: center; }
r12-15 { align: center; }
r15-26 { align: center; }</annotations>
        <w>141.05</w>
        <h>101.95</h>
      </textfield>
    </object>
    <object id="18_360657" type="button" x="-121659.77815531229" y="29373.552532365567" r="62.90563038251172" s="152.4053103899361" class="circle">
      <type>circle</type>
      <size>
        <w>147.6</w>
        <h>147.6</h>
      </size>
    </object>
    <object id="19_360657" type="button" x="-90824.27620440401" y="47358.17705894766" r="30.313587722723664" s="152.40529981726547" class="circle">
      <type>circle</type>
      <size>
        <w>147.6</w>
        <h>147.6</h>
      </size>
    </object>
    <object id="20_360657" type="button" x="-62069.4" y="64299.75" r="1.0002698478369052" s="152.3959648708709" class="circle">
      <type>circle</type>
      <size>
        <w>144.8</w>
        <h>144.8</h>
      </size>
    </object>
    <object id="21_360657" type="shape" x="-84288" y="34801.5" r="30.31364594789287" s="54.6551467300583">
      <geom type="line">
        <sp>-529.725 89.25</sp>
        <ep>529.7249999999999 89.25</ep>
        <b>-178.5</b>
        <t>8</t>
      </geom>
    </object>
    <object id="22_360657" type="shape" x="-83199.0987172532" y="34341.35427381379" r="120.31359231972671" s="61.477197779772695">
      <geom type="line">
        <sp>-64.075 0</sp>
        <ep>64.075 0</ep>
        <t>8</t>
      </geom>
    </object>
    <object id="23_360657" type="label" x="-86678.56320150505" y="40475.84584797185" r="30.748433734571048" s="85.82123634474146" class="strong">
      <textfield>
        <x>-60.85</x>
        <y>-18.3</y>
        <text><![CDATA[Conclusões]]></text>
        <annotations>r0-10 { align: left; }</annotations>
      </textfield>
    </object>
    <object id="24_360657" type="label" x="-114972.42484864416" y="25225.648766496863" r="62.92208776939157" s="166.6065527038798" class="strong">
      <textfield>
        <x>-30.4</x>
        <y>-18.3</y>
        <text><![CDATA[.Data]]></text>
        <annotations>r0-5 { align: left; }</annotations>
      </textfield>
    </object>
    <object id="25_360657" type="label" x="-61860.573685192074" y="57739.70036087548" r="1.0584277640088047" s="120.14237775423413" class="strong">
      <textfield>
        <x>-57.95</x>
        <y>-18.3</y>
        <text><![CDATA[Limitações]]></text>
        <annotations>r0-10 { align: left; }</annotations>
      </textfield>
    </object>
    <object id="26_360657" type="button" x="-33305.85" y="54121.1" r="1.0002563555400257" s="153.8718361146477" class="circle">
      <type>circle</type>
      <size>
        <w>147.6</w>
        <h>147.6</h>
      </size>
    </object>
    <object id="27_360657" type="button" x="2822.55" y="54827.85" r="1.0002563555400257" s="153.8718361146477" class="circle">
      <type>circle</type>
      <size>
        <w>147.6</w>
        <h>147.6</h>
      </size>
    </object>
    <object id="28_360657" type="button" x="36265.1" y="55183.6" r="1.0002563555400257" s="153.8718361146477" class="circle">
      <type>circle</type>
      <size>
        <w>136.5</w>
        <h>136.5</h>
      </size>
    </object>
    <object id="29_360657" type="shape" x="2370.55" y="40303.15" r="1.0002295277351738" s="55.18125597878269">
      <geom type="line">
        <sp>-529.725 89.25</sp>
        <ep>529.7249999999999 89.25</ep>
        <b>-178.5</b>
        <t>8</t>
      </geom>
    </object>
    <object id="30_360657" type="shape" x="3097.975678465511" y="39407.54298286742" r="91.00022381400034" s="62.069046927414405">
      <geom type="line">
        <sp>-64.075 0</sp>
        <ep>64.075 0</ep>
        <t>8</t>
      </geom>
    </object>
    <object id="31_360657" type="label" x="-33918.51728404884" y="46605.71905695043" r="1.0002735756355459" s="168.2096215726736" class="strong">
      <textfield>
        <x>-30.4</x>
        <y>-18.3</y>
        <text><![CDATA[.Data]]></text>
        <annotations>r0-5 { align: left; }</annotations>
      </textfield>
    </object>
    <object id="32_360657" type="label" x="2980.8981475055743" y="47413.87375354796" r="1.0002736412440307" s="120.14972797601148" class="strong">
      <textfield>
        <x>-60.85</x>
        <y>-18.3</y>
        <text><![CDATA[Conclusões]]></text>
        <annotations>r0-10 { align: left; }</annotations>
      </textfield>
    </object>
    <object id="33_360657" type="label" x="36190.45690329887" y="49064.64325615906" r="1.00027355149988" s="120.14972797272564" class="strong">
      <textfield>
        <x>-57.95</x>
        <y>-18.3</y>
        <text><![CDATA[Limitações]]></text>
        <annotations>r0-10 { align: left; }</annotations>
      </textfield>
    </object>
    <object id="2" type="button" x="0" y="0" r="0" s="396.1363830566406" class="bracket">
      <type>bracket</type>
      <size>
        <w>876.997971602434</w>
        <h>600</h>
      </size>
    </object>
    <object id="3" type="label" x="2045.975247712554" y="-57469.81130695397" r="0" s="115.04670145441176" class="head">
      <textfield>
        <x>-91.45</x>
        <y>-18.3</y>
        <text><![CDATA[- Aloritmo ID3 -]]></text>
        <annotations>r0-16 { align: left; }</annotations>
      </textfield>
    </object>
    <object id="4" type="label" x="3660.7846590544445" y="-40985.24757994689" r="0" s="82.17622823129413" class="body">
      <textfield>
        <x>-170</x>
        <y>-67.3</y>
        <text><![CDATA[Beatriz Teodoro - 6777724Bruno Rego Salomé - 6411570Luciana Malagrino - 6777450Murilo Honório - 6411927]]></text>
        <annotations>r0-26 { align: left; }
r26-54 { align: left; }
r54-82 { align: left; }
r82-106 { align: left; }</annotations>
      </textfield>
    </object>
    <object id="5" type="label" x="3397.853629477864" y="-73974.94057463201" r="0" s="126.84183961446548" class="body">
      <textfield>
        <x>-110.9</x>
        <y>-18.3</y>
        <text><![CDATA[Intelgência Artificial]]></text>
        <annotations>r0-22 { align: left; }</annotations>
      </textfield>
    </object>
    <object id="7" type="label" x="-75628.35" y="24712.35" r="30.313598385704214" s="58.61363031666937" class="body">
      <textfield>
        <x>-244.4</x>
        <y>-67.3</y>
        <text><![CDATA[Total de exemplos: 14Total de exemplos descartados: 0.Tempo de processamento: < 1 seg.Total de nós: 3]]></text>
        <annotations>r0-22 { align: center; }
r22-56 { align: center; }
r56-89 { align: center; }
r89-104 { align: center; }</annotations>
        <w>488.85</w>
        <h>134.6</h>
      </textfield>
    </object>
    <object id="8" type="label" x="-91305.02038834234" y="47473.10330014451" r="30.748436769044513" s="41.025428358948076" class="body">
      <textfield>
        <x>-215.7</x>
        <y>-148.9</y>
        <text><![CDATA[Algoritmo funcionou devidamente;Exibiu árvore de forma correta;Não houve necessidade de pré-processamento (discretização) de dados;Não houve exclusão de elementos.]]></text>
        <annotations>r0-33 { bullet: true; }
r0-33 { align: justify; }
r34-66 { bullet: true; }
r34-66 { align: justify; }
r67-136 { bullet: true; }
r67-136 { align: justify; }
r137-169 { bullet: true; }
r137-169 { align: justify; }</annotations>
        <w>431.4</w>
        <h>297.85</h>
      </textfield>
    </object>
    <object id="9" type="label" x="-122291.34946190669" y="31049.170418570506" r="62.923075466164605" s="20.5132349126587" class="body">
      <textfield>
        <x>-304.1</x>
        <y>-263.2</y>
        <text><![CDATA[aparencia, temperatura, umidade, vento, jogar-tennisensolarado, quente, alta, fraco, nãoensolarado, quente, alta, forte, nãonublado, quente, alta, fraco, simchuva, moderada, alta, fraco, simchuva, fria, normal, fraco, simchuva, fria, normal, forte, nãonublado, fria, normal, forte, simensolarado, moderada, alta, fraco, nãoensolarado, fria, normal, fraco, simchuva, moderada, normal, fraco, simensolarado, moderada, normal, forte, simnublado, moderada, alta, forte, simnublado, quente, normal, fraco, simchuva, moderada, alta, forte, não]]></text>
        <annotations>r0-53 { align: justify; }
r54-91 { align: justify; }
r91-128 { align: justify; }
r128-162 { align: justify; }
r162-196 { align: justify; }
r196-228 { align: justify; }
r228-260 { align: justify; }
r260-294 { align: justify; }
r294-333 { align: justify; }
r333-370 { align: justify; }
r370-406 { align: justify; }
r406-447 { align: justify; }
r447-483 { align: justify; }
r483-519 { align: justify; }
r519-552 { align: justify; }</annotations>
        <w>608.25</w>
        <h>526.4</h>
      </textfield>
    </object>
    <object id="10" type="label" x="-62349.886182514405" y="67594.34286236949" r="1.1544155462035683" s="41.02110815700401" class="body">
      <textfield>
        <x>-210.1</x>
        <y>-34.65</y>
        <text><![CDATA[Necessidade de implementar pré-processamento de dados.]]></text>
        <annotations>r0-55 { bullet: true; }
r0-55 { align: left; }</annotations>
        <w>420.2</w>
        <h>69.3</h>
      </textfield>
    </object>
    <object id="11" type="label" x="-62110.68641287726" y="71662.05205629212" r="1.1544154629592" s="41.021108157818055" class="body">
      <textfield>
        <x>-132.95</x>
        <y>-50.95</y>
        <text><![CDATA[Atributos contínuos;Missing values;]]></text>
        <annotations>r0-21 { bullet: true; }
r0-21 { align: left; }
r22-38 { bullet: true; }
r22-38 { align: left; }</annotations>
      </textfield>
    </object>
    <object id="12" type="label" x="-62341.72378821644" y="62586.657294617355" r="1.1544154916935938" s="41.02291649277229" class="body">
      <textfield>
        <x>-205.95</x>
        <y>-50.95</y>
        <text><![CDATA[Código teve de ser reescrito pois não conseguimos adaptar ao adult facilmente.]]></text>
        <annotations>r0-79 { bullet: true; }
r0-79 { align: left; }</annotations>
        <w>411.9</w>
        <h>101.95</h>
      </textfield>
    </object>
    <object id="16" type="label" x="4482.518138743751" y="25141.728729133134" r="0" s="58.697301577257704" class="body">
      <textfield>
        <x>-212.3</x>
        <y>-67.3</y>
        <text><![CDATA[Total de exemplos: 32.561Total de exemplos descartados: 2.399Tempo de processamento: < 1 s.Total de nós: 38.887]]></text>
        <annotations>r0-26 { align: left; }
r26-63 { align: left; }
r63-94 { align: left; }
r94-115 { align: left; }</annotations>
      </textfield>
    </object>
    <object id="17" type="label" x="-33301.82737636607" y="54507.36688356294" r="0" s="10.695572253868896" class="body">
      <textfield>
        <x>-920.55</x>
        <y>-116.25</y>
        <text><![CDATA[age, workclass, fnlwgt, education, education-num, marital-status, occupation, relationship, race, sex, capital-gain, capital-loss, hours-per-week, native-country, income>27.0, State-gov, <=209912.0, Bachelors, >12.0, Never-married, Adm-clerical, Not-in-family, White, Male, <=7073.5, <=1820.5, <=41.0, United-States, <=50K>27.0, Self-emp-not-inc, <=209912.0, Bachelors, >12.0, Married-civ-spouse, Exec-managerial, Husband, White, Male, <=7073.5, <=1820.5, <=41.0, United-States, <=50K>27.0, Private, >209912.0, HS-grad, <=12.0, Divorced, Handlers-cleaners, Not-in-family, White, Male, <=7073.5, <=1820.5, <=41.0, United-States, <=50K>27.0, Private, >209912.0, 11th, <=12.0, Married-civ-spouse, Handlers-cleaners, Husband, Black, Male, <=7073.5, <=1820.5, <=41.0, United-States, <=50K>27.0, Private, >209912.0, Bachelors, >12.0, Married-civ-spouse, Prof-specialty, Wife, Black, Female, <=7073.5, <=1820.5, <=41.0, Cuba, <=50K>27.0, Private, >209912.0, Masters, >12.0, Married-civ-spouse, Exec-managerial, Wife, White, Female, <=7073.5, <=1820.5, <=41.0, United-States, <=50K]]></text>
        <annotations>r0-170 { align: left; }
r170-324 { align: left; }
r324-487 { align: left; }
r487-637 { align: left; }
r637-788 { align: left; }
r788-930 { align: left; }
r930-1080 { align: left; }</annotations>
      </textfield>
    </object>
    <object id="18" type="shape" x="-33897.93200677453" y="57604.78993713518" r="0" s="14.265113715141688" class="poly3">
      <geom type="circle">
        <r>20</r>
      </geom>
    </object>
    <object id="20" type="shape" x="-33898.26752903115" y="58616.17243823279" r="0" s="14.238548685542167" class="poly3">
      <geom type="circle">
        <r>20</r>
      </geom>
    </object>
    <object id="19" type="shape" x="-34005.31886549891" y="59049.193515316576" r="0" s="0.9435582826273166" class="poly3">
      <geom type="circle">
        <r>20</r>
      </geom>
    </object>
    <object id="21" type="shape" x="-33898.326738841155" y="56649.04492082787" r="0" s="14.265113715141688" class="poly3">
      <geom type="circle">
        <r>20</r>
      </geom>
    </object>
    <object id="22" type="label" x="2227.8085742017474" y="50858.207083870504" r="1.0002736255251865" s="41.025428134219894" class="body">
      <textfield>
        <x>-215.7</x>
        <y>-34.65</y>
        <text><![CDATA[Realizou discretização de dados com êxito]]></text>
        <annotations>r0-41 { bullet: true; }
r0-41 { align: justify; }</annotations>
        <w>431.4</w>
        <h>69.3</h>
      </textfield>
    </object>
    <object id="27" type="image" x="2433.819239771508" y="62528.085638071825" r="0" s="11.192102049974622">
      <source w="813" h="246">
        discretizacao.png
        <url>discretizacao.png</url>
      </source>
    </object>
    <object id="23" type="label" x="4080.266426253111" y="55241.529054272265" r="1.0002736255251865" s="41.025428134219894" class="body">
      <textfield>
        <x>-210.2</x>
        <y>-67.3</y>
        <text><![CDATA[Atributos contínuos discretizados;Registros com missing values retirados;]]></text>
        <annotations>r0-35 { bullet: true; }
r0-35 { align: left; }
r36-76 { bullet: true; }
r36-76 { align: left; }</annotations>
        <w>420.45</w>
        <h>134.6</h>
      </textfield>
    </object>
    <object id="24" type="label" x="2070.468372446418" y="59617.05506635826" r="1.0002736255251865" s="41.025428134219894" class="body">
      <textfield>
        <x>-215.7</x>
        <y>-18.3</y>
        <text><![CDATA[Demora para exibição da árvore.]]></text>
        <annotations>r0-31 { bullet: true; }
r0-31 { align: justify; }</annotations>
        <w>431.4</w>
        <h>36.65</h>
      </textfield>
    </object>
    <object id="25" type="label" x="36154.6" y="56360.7" r="1.000273562048241" s="14.95095731955007" class="body">
      <textfield>
        <x>-554.65</x>
        <y>-328.5</y>
        <text><![CDATA[Dificuldade de visualização da árvore completa;Dificuldade na implementação de percorrer a árvore no processo de 10-fold-cross-validation para verificar as proporções de acerto.Dificuldades de ImplementaçãoEntender e programar o algoritmo ID3 corretamentePlayTennis não cobre todos os casosUsamos algoritmo e exemplo do livro Artificial Intelligence – A Modern Approach – RUSSEL & NORVIG, pois está mais claro e exatoDecidir e implementar a exibição.PRINCIPAL DEFICIÊNCIA: Não fomos capazes de finalizar a poda de forma correta. Durante a implementação da mesma, começamos a ter perdas que não se recompunham na estrutura da árvore e todo o processamento era perdido.  Não houve tempo para corrigir o problema, então removemos a poda do sistema.]]></text>
        <annotations>r0-48 { bullet: true; }
r0-48 { align: justify; }
r49-180 { bullet: true; }
r49-180 { align: justify; }
r181-211 { bullet: true; }
r181-211 { align: justify; }
r212-262 { bullet: true; }
r212-262 { align: justify; }
r263-299 { bullet: true; }
r263-299 { align: justify; }
r300-428 { bullet: true; }
r300-428 { align: justify; }
r429-463 { bullet: true; }
r429-463 { align: justify; }
r464-760 { bullet: true; }
r464-760 { align: justify; }</annotations>
        <w>1109.3</w>
        <h>657</h>
      </textfield>
    </object>
    <object id="26" type="label" x="71847.05" y="15906.7" r="-32.07417344192666" s="82.05249491779102" class="body">
      <textfield>
        <x>-215.7</x>
        <y>-148.9</y>
        <text><![CDATA[Apresentação de dados obtidos com a execução do sistema;Taxa de acertos;Discretização dos dados;]]></text>
        <annotations>r0-57 { bullet: true; }
r0-57 { align: justify; }
r58-75 { bullet: true; }
r58-75 { align: justify; }
r76-101 { bullet: true; }
r76-101 { align: justify; }</annotations>
        <w>431.4</w>
        <h>297.85</h>
      </textfield>
    </object>
    <object id="28" type="label" x="-5529.465999043952" y="55477.480147095266" r="0" s="5.599765792475239" class="body">
      <textfield>
        <x>-276</x>
        <y>-263.2</y>
        <text><![CDATA[Algoritmo de Discretização•	Ordenar o conjunto pelo atributo desejado•	Identificar fronteiras (pontos onde ocorrem mudanças de classe)•	Para cada fronteira , calcular ganho total•	Escolher o maior ganho•	Definir o atributo como <= e > que o ganho escolhido•	Gravar no conjunto de dados]]></text>
        <annotations>r0-27 { align: left; }
r28-72 { align: left; }
r73-139 { align: left; }
r140-185 { align: left; }
r186-211 { align: left; }
r212-267 { align: left; }
r268-298 { align: left; }</annotations>
        <w>552</w>
        <h>526.4</h>
      </textfield>
    </object>
    <object id="14" type="label" x="90721.19954833985" y="43257.73925781249" r="-33.07444888726403" s="31.951817257708875" class="body">
      <textfield>
        <x>-183.95</x>
        <y>-18.3</y>
        <text><![CDATA[Tempo para discretizar os dados]]></text>
        <annotations>r0-31 { align: left; }</annotations>
      </textfield>
    </object>
  </zui-table>
  <path>
    <o>0_360657</o>
    <o>2</o>
    <o>1_360657</o>
    <o>6</o>
    <o>7</o>
    <o>18_360657</o>
    <o>9</o>
    <o>19_360657</o>
    <o>20_360657</o>
    <o>2</o>
    <o>2_360657</o>
    <o>13</o>
    <o>15</o>
    <o>16</o>
    <o>26_360657</o>
    <o>17</o>
    <o>27_360657</o>
    <o>28</o>
    <o>27</o>
    <o>28_360657</o>
    <o>25</o>
    <o>2</o>
    <o>3_360657</o>
    <o>10_360657</o>
    <o>0</o>
    <o>11_360657</o>
    <o>1</o>
    <o>12_360657</o>
    <o>29</o>
    <o>2</o>
  </path>
  <style type="text/css"><![CDATA[
@font-face
{
	src: url('OpenSans-B.swf');
	fontFamily: head;
}

@font-face
{
	src: url('OpenSans-I.swf');
	fontFamily: strong;
}

@font-face
{
	src: url('OpenSans.swf');
	fontFamily: body;
}

ZLabel
{
	padding: 1.2;
}

ZLabel.head
{
	fontFamily: head;
	color: #000;
}

.line5
{
	gradEndColor: #333;
	color: #333;
	gradStartColor: #333;
}

.poly5
{
	gradEndColor: #333;
	borderColor: #333;
	borderThickness: 0;
	gradStartColor: #333;
}

ZLabel.strong
{
	fontFamily: strong;
	color: #f00;
}

.line1
{
	gradEndColor: #f00;
	color: #f00;
	gradStartColor: #f00;
}

.poly1
{
	gradEndColor: #f00;
	borderColor: #f00;
	borderThickness: 0;
	gradStartColor: #f00;
}

ZLabel.body
{
	fontFamily: body;
	color: #333;
}

Background
{
	gradEnd: #fff;
	gradStart: #fff;
}

Grid
{
	color: #ddd;
}

ZFrame.circle
{
	gradEndColor: #c5c3c3;
	borderColor: #fff;
	borderThickness: 0;
	thickness: 7;
	gradStartColor: #c5c3c3;
}

.line4
{
	gradEndColor: #640f1e;
	color: #640f1e;
	gradStartColor: #640f1e;
}

.poly4
{
	gradEndColor: #640f1e;
	borderColor: #640f1e;
	borderThickness: 0;
	gradStartColor: #640f1e;
}

ZFrame.bracket
{
	gradEndColor: #c5c3c3;
	borderColor: #fff;
	borderThickness: 0;
	thickness: 7;
	gradStartColor: #c5c3c3;
}

.line2
{
	gradEndColor: #efefef;
	color: #efefef;
	gradStartColor: #efefef;
}

.poly2
{
	gradStartColor: #efefef;
	gradEndColor: #efefef;
	borderColor: #efefef;
	borderThickness: 0;
	gradEndAlpha: 1;
	gradStartAlpha: 0.9;
}

ZFrame.roundrect
{
	gradEndColor: #ccc;
	radius: 0;
	gradEndAlpha: 0.7;
	gradStartColor: #e6e6e6;
	borderColor: #fff;
	borderThickness: 0;
	gradStartAlpha: 0.6;
}

ZPoly
{
	gradStartAlpha: 0.6;
	thickness: 100;
	borderAlpha: 1;
	radius: 0;
	gradEndAlpha: 0.7;
	lockTintAlpha: 0.6;
}

ZCircle
{
	borderAlpha: 1;
	radius: 0;
	thickness: 100;
	lockTintAlpha: 0.6;
}

ZArrow
{
	gradEndColor: #f00;
	borderColor: #fff;
	borderThickness: 0;
	gradStartColor: #f00;
}

.line3
{
	gradEndColor: #c5c3c3;
	color: #c5c3c3;
	gradStartColor: #c5c3c3;
}

.poly3
{
	gradEndColor: #c5c3c3;
	borderColor: #c5c3c3;
	borderThickness: 0;
	gradStartColor: #c5c3c3;
}

ZLine
{
	color: #c5c3c3;
}

ZCurveLine
{
	color: #f00;
}

ZMarker
{
	alpha: 0.3;
	color: #ffff0d;
}

ZVideo
{
	padding: 1.2;
}

]]></style>
  <hash>c389c9f8ea5c38e9aa1c93b4b1be40ad</hash>
  <sync>
    <oid>UNKNOWN</oid>
    <hash>UNKNOWN</hash>
  </sync>
  <config>kbE2f3W6+RSmRgAbC6UB8w470hFjV8JyIg==</config>
</zuiprezi>