<?xml version="1.0" encoding="utf-8"?><!DOCTYPE nta PUBLIC '-//Uppaal Team//DTD Flat System 1.1//EN' 'http://www.it.uu.se/research/group/darts/uppaal/flat-1_1.dtd'><nta><declaration>// Place global declarations here.
chan bushalt,pass_board_true,pass_board_false,pass_registered,deducts_bal,low_balance,timerstarts,newpass,pass_approach,pass_detects,timestarts;
chan validticket,notvalid,valid;
clock x,y;

</declaration><template><name x="5" y="5">main</name><declaration>// Place local declarations here.
clock x,y;
</declaration><location id="id0" x="-200" y="-184"><name x="-224" y="-168">TMAIN</name></location><location id="id1" x="64" y="-280"><name x="40" y="-320">ticketvalidity</name></location><location id="id2" x="-72" y="-80"><name x="-96" y="-64">creditcard</name></location><location id="id3" x="88" y="-176"><name x="72" y="-160">ticketissue</name></location><location id="id4" x="-80" y="-184"><name x="-112" y="-168">mobileaccount</name></location><location id="id5" x="-328" y="-184"><name x="-352" y="-168">bussystem</name></location><location id="id6" x="-504" y="-184"><name x="-536" y="-224">passenger</name></location><location id="id7" x="-744" y="-184"><name x="-754" y="-214">bus</name></location><init ref="id7"/><transition><source ref="id0"/><target ref="id4"/><label kind="synchronisation" x="-184" y="-200">pass_detects!</label></transition><transition><source ref="id5"/><target ref="id0"/><label kind="synchronisation" x="-320" y="-216">pass_registered!</label></transition><transition><source ref="id1"/><target ref="id6"/><label kind="guard" x="-280" y="-280">x&gt;=y+60</label><label kind="synchronisation" x="-280" y="-304">notvalid?</label><nail x="-504" y="-280"/></transition><transition><source ref="id6"/><target ref="id6"/><label kind="synchronisation" x="-552" y="-128">pass_board_false!</label><nail x="-528" y="-128"/><nail x="-488" y="-128"/></transition><transition><source ref="id1"/><target ref="id1"/><label kind="guard" x="-24" y="-384">x&lt;=y+60</label><label kind="synchronisation" x="-40" y="-368">validticket!</label><nail x="24" y="-344"/><nail x="40" y="-392"/></transition><transition><source ref="id3"/><target ref="id1"/><label kind="guard" x="0" y="-248">x==y</label><label kind="synchronisation" x="40" y="-240">timerstarts!</label></transition><transition><source ref="id2"/><target ref="id3"/><label kind="synchronisation" x="0" y="-120">deducts_bal!</label></transition><transition><source ref="id4"/><target ref="id2"/><label kind="synchronisation" x="-160" y="-136">low_balance?</label></transition><transition><source ref="id4"/><target ref="id3"/><label kind="synchronisation" x="-56" y="-200">deducts_bal!</label></transition><transition><source ref="id6"/><target ref="id5"/><label kind="synchronisation" x="-480" y="-184">pass_board_true!</label></transition><transition><source ref="id7"/><target ref="id6"/><label kind="synchronisation" x="-664" y="-208">bushalt!</label></transition></template><template><name>passenger</name><location id="id8" x="-120" y="-8"><name x="-152" y="16">approach_pass</name></location><location id="id9" x="-320" y="-8"></location><init ref="id9"/><transition><source ref="id8"/><target ref="id9"/><label kind="synchronisation" x="-256" y="-120">newpass!</label><nail x="-120" y="-96"/><nail x="-320" y="-96"/></transition><transition><source ref="id9"/><target ref="id8"/><label kind="synchronisation" x="-280" y="-8">pass_board_true!</label></transition></template><template><name>ticketsystem</name><location id="id10" x="16" y="-56"><name x="-8" y="-48">ticketvalidity</name></location><location id="id11" x="-144" y="-56"><name x="-168" y="-88">issueticket</name></location><location id="id12" x="-208" y="56"><name x="-232" y="72">creditcard</name></location><location id="id13" x="-288" y="-48"><name x="-304" y="-32">mobileaccount</name></location><location id="id14" x="-440" y="-48"></location><init ref="id14"/><transition><source ref="id10"/><target ref="id14"/><label kind="synchronisation" x="-280" y="-168">valid!</label><nail x="-104" y="-152"/><nail x="-416" y="-144"/></transition><transition><source ref="id10"/><target ref="id10"/><label kind="synchronisation" x="-8" y="-136">notvalid!</label><nail x="-16" y="-112"/><nail x="48" y="-104"/></transition><transition><source ref="id11"/><target ref="id10"/><label kind="synchronisation" x="-112" y="-56">timestarts!</label></transition><transition><source ref="id13"/><target ref="id11"/><label kind="synchronisation" x="-256" y="-72">deducts_bal!</label></transition><transition><source ref="id12"/><target ref="id11"/><label kind="synchronisation" x="-176" y="-8">deducts_bal!</label></transition><transition><source ref="id13"/><target ref="id12"/><label kind="synchronisation" x="-320" y="0">low_balance!</label></transition><transition><source ref="id14"/><target ref="id13"/><label kind="synchronisation" x="-416" y="-48">pass_detects!</label></transition></template><system>// Place template instantiations here.
//Process = Template();

// List one or more processes to be composed into a system.
//system bus,passenger,bussystem,mobileaccount,ticketissue,creditcard,busmove,ticketvalidity;
system main,passenger,ticketsystem;</system></nta>