<?xml version="1.0" encoding="utf-8"?><!DOCTYPE nta PUBLIC '-//Uppaal Team//DTD Flat System 1.1//EN' 'http://www.it.uu.se/research/group/darts/uppaal/flat-1_1.dtd'><nta><declaration>// Place global declarations here.
chan BusHalt,DoorOpen,BluetoothOn,DriverCheck,DoorClosed;
clock p,z;
</declaration><template><name x="5" y="5">Main</name><declaration>// Place local declarations here.
</declaration><location id="id0" x="488" y="-128"><name x="504" y="-128">ErrorMessage</name></location><location id="id1" x="344" y="24"><name x="304" y="32">TicketIssue</name></location><location id="id2" x="288" y="-96"><name x="192" y="-88">MobileAccount</name></location><location id="id3" x="544" y="-200"><name x="520" y="-184">BusMove</name></location><location id="id4" x="464" y="-48"><name x="456" y="-32">CreditcardAccount</name></location><location id="id5" x="368" y="-200"><name x="328" y="-232">RegistrationCheck</name></location><location id="id6" x="168" y="-200"><name x="136" y="-232">Bluetooth</name></location><location id="id7" x="-16" y="-200"><name x="-32" y="-184">Door</name></location><location id="id8" x="-216" y="-200"><name x="-232" y="-240">Bus</name></location><init ref="id8"/><transition><source ref="id3"/><target ref="id7"/><label kind="synchronisation" x="224" y="-320">DoorClosed!</label><label kind="assignment" x="240" y="-344">p=1</label><nail x="544" y="-328"/><nail x="-16" y="-320"/></transition><transition><source ref="id4"/><target ref="id0"/><label kind="synchronisation" x="472" y="-88">LowBalance</label></transition><transition><source ref="id5"/><target ref="id0"/><label kind="synchronisation" x="368" y="-168">NotRegistered?</label></transition><transition><source ref="id4"/><target ref="id1"/><label kind="synchronisation" x="392" y="-8">DeductBalance!</label></transition><transition><source ref="id2"/><target ref="id1"/><label kind="synchronisation" x="232" y="-40">DeductBalance!</label></transition><transition><source ref="id2"/><target ref="id4"/><label kind="synchronisation" x="336" y="-72">LowBalance</label></transition><transition><source ref="id5"/><target ref="id2"/><label kind="synchronisation" x="272" y="-144">Resgistered?</label></transition><transition><source ref="id6"/><target ref="id6"/><label kind="synchronisation" x="136" y="-144">UserSwitch!</label><nail x="128" y="-144"/><nail x="200" y="-144"/></transition><transition><source ref="id5"/><target ref="id3"/><label kind="synchronisation" x="424" y="-200">DriverCheck!</label></transition><transition><source ref="id6"/><target ref="id5"/><label kind="synchronisation" x="216" y="-192">BluetoothOn!</label></transition><transition><source ref="id7"/><target ref="id6"/><label kind="synchronisation" x="32" y="-200">DoorOpen!</label><label kind="assignment" x="40" y="-224">p=0</label></transition><transition><source ref="id8"/><target ref="id7"/><label kind="synchronisation" x="-160" y="-200">BusHalt?</label><label kind="assignment" x="-152" y="-224">z=1</label></transition></template><template><name x="5" y="5">Door</name><declaration>// Place local declarations here.
clock p;</declaration><location id="id9" x="-8" y="32"><name x="-24" y="48">closing</name><urgent/></location><location id="id10" x="80" y="-112"><name x="64" y="-144">open</name></location><location id="id11" x="-112" y="-112"><name x="-144" y="-152">closed</name></location><init ref="id11"/><transition><source ref="id9"/><target ref="id11"/><label kind="synchronisation" x="-128" y="-40">BusMove?</label></transition><transition><source ref="id10"/><target ref="id9"/><label kind="synchronisation" x="40" y="-48">DriverCheck!</label></transition><transition><source ref="id11"/><target ref="id10"/><label kind="synchronisation" x="-56" y="-136">BusHalt?</label><label kind="assignment" x="-48" y="-112">p=0</label></transition></template><template><name x="5" y="5">Bluetooth</name><declaration>// Place local declarations here.
</declaration><location id="id12" x="-112" y="-72"><name x="-136" y="-120">bluetooth_off</name></location><location id="id13" x="104" y="-72"><name x="56" y="-120">bluetooth_on</name></location><init ref="id13"/><transition><source ref="id12"/><target ref="id13"/><label kind="synchronisation" x="-56" y="-64">UserSwitch?</label></transition></template><template><name x="5" y="5">Ticketsystem</name><declaration>// Place local declarations here.
</declaration><location id="id14" x="240" y="-72"><name x="216" y="-104">Ticket_issue</name></location><location id="id15" x="48" y="-40"><name x="8" y="-24">creditcard_account</name></location><location id="id16" x="56" y="64"><name x="16" y="80">error_message</name></location><location id="id17" x="56" y="-144"><name x="16" y="-176">mobile_account</name></location><location id="id18" x="-184" y="-80"><name x="-256" y="-120">RegistrationCheck!</name></location><init ref="id18"/><transition><source ref="id15"/><target ref="id16"/><label kind="synchronisation" x="56" y="0">LowBalance?</label></transition><transition><source ref="id15"/><target ref="id14"/><label kind="synchronisation" x="112" y="-48">DeductsBalance!</label></transition><transition><source ref="id17"/><target ref="id15"/><label kind="synchronisation" x="-32" y="-104">LowBalance?</label></transition><transition><source ref="id17"/><target ref="id14"/><label kind="synchronisation" x="112" y="-144">DeductsBalance!</label></transition><transition><source ref="id18"/><target ref="id16"/><label kind="synchronisation" x="-128" y="0">NotRegistered?</label></transition><transition><source ref="id18"/><target ref="id17"/><label kind="synchronisation" x="-104" y="-144">Registered!</label></transition></template><system>// Place template instantiations here.
//Process = Template();

// List one or more processes to be composed into a system.
system main,door,bluetooth,ticketsystem;</system></nta>