<?xml version="1.0" encoding="utf-8"?><!DOCTYPE nta PUBLIC '-//Uppaal Team//DTD Flat System 1.1//EN' 'http://www.it.uu.se/research/group/darts/uppaal/flat-1_1.dtd'><nta><declaration>// Place global declarations here.
</declaration><template><name x="5" y="5">Ticket_system</name><declaration>// Place local declarations here.
</declaration><location id="id0" x="240" y="-72"><name x="216" y="-104">Ticket_issue</name></location><location id="id1" x="48" y="-40"><name x="8" y="-24">creditcard_account</name></location><location id="id2" x="56" y="64"><name x="16" y="80">error_message</name></location><location id="id3" x="56" y="-144"><name x="16" y="-176">mobile_account</name></location><location id="id4" x="-136" y="-88"><name x="-160" y="-120">user</name></location><init ref="id4"/><transition><source ref="id1"/><target ref="id2"/><label kind="guard" x="56" y="0">low_balance</label></transition><transition><source ref="id1"/><target ref="id0"/><label kind="guard" x="104" y="-48">deducts_balance</label></transition><transition><source ref="id3"/><target ref="id1"/><label kind="select" x="56" y="-96">low_balance</label></transition><transition><source ref="id3"/><target ref="id0"/><label kind="guard" x="120" y="-136">deducts_balance</label></transition><transition><source ref="id4"/><target ref="id2"/><label kind="guard" x="-144" y="-8">Not_registered</label></transition><transition><source ref="id4"/><target ref="id3"/><label kind="guard" x="-80" y="-144">Registered</label></transition></template><system>// Place template instantiations here.
Process = Template();

// List one or more processes to be composed into a system.
system Process;</system></nta>