<?xml version="1.0" encoding="utf-8"?><!DOCTYPE nta PUBLIC '-//Uppaal Team//DTD Flat System 1.1//EN' 'http://www.it.uu.se/research/group/darts/uppaal/flat-1_1.dtd'><nta><declaration>// Place global declarations here.
</declaration><template><name x="5" y="5">Bluetooth</name><declaration>// Place local declarations here.
</declaration><location id="id0" x="-112" y="-72"><name x="-136" y="-120">bluetooth_off</name></location><location id="id1" x="104" y="-72"><name x="56" y="-120">bluetooth_on</name></location><init ref="id1"/><transition><source ref="id0"/><target ref="id1"/><label kind="guard" x="-40" y="-64">user_switch</label></transition></template><system>// Place template instantiations here.
Process = Template();

// List one or more processes to be composed into a system.
system Process;</system></nta>