<?xml version="1.0" encoding="utf-8"?><!DOCTYPE nta PUBLIC '-//Uppaal Team//DTD Flat System 1.1//EN' 'http://www.it.uu.se/research/group/darts/uppaal/flat-1_1.dtd'><nta><declaration>// Place global declarations here.
</declaration><template><name x="5" y="5">Door</name><declaration>// Place local declarations here.
</declaration><location id="id0" x="-8" y="32"><name x="-24" y="48">closing</name><urgent/></location><location id="id1" x="80" y="-112"><name x="64" y="-144">open</name></location><location id="id2" x="-112" y="-112"><name x="-144" y="-152">closed</name></location><init ref="id2"/><transition><source ref="id0"/><target ref="id2"/><label kind="guard" x="-136" y="-48">bus_move</label></transition><transition><source ref="id1"/><target ref="id0"/><label kind="guard" x="48" y="-48">driver_check</label></transition><transition><source ref="id2"/><target ref="id1"/><label kind="guard" x="-48" y="-152">bus_halt
(start/stop)</label></transition></template><system>// Place template instantiations here.
Process = Template();

// List one or more processes to be composed into a system.
system Process;</system></nta>