<?xml version="1.0" encoding="utf-8"?><!DOCTYPE nta PUBLIC '-//Uppaal Team//DTD Flat System 1.1//EN' 'http://www.it.uu.se/research/group/darts/uppaal/flat-1_1.dtd'><nta><declaration>// Place global declarations here.
chan bus_halt,dooropen,userswitch,bluetoothon,registered,notregistered,lowbalance,deductsbal,doorcloses,busmoves;
chan bus_move,driver_check;</declaration><template><name x="5" y="5">main</name><declaration>// Place local declarations here.
</declaration><location id="id0" x="-48" y="184"><name x="-80" y="200">ticketissue</name></location><location id="id1" x="72" y="112"><name x="80" y="120">creditcardacc</name></location><location id="id2" x="104" y="32"><name x="120" y="16">errormsg</name></location><location id="id3" x="-72" y="32"><name x="-152" y="24">mobileacc</name></location><location id="id4" x="8" y="-80"><name x="-32" y="-112">registrationcheck</name></location><location id="id5" x="-120" y="-80"><name x="-144" y="-112">bluetooth</name></location><location id="id6" x="-248" y="-80"><name x="-258" y="-110">door</name></location><location id="id7" x="-392" y="-80"><name x="-402" y="-110">bus</name></location><init ref="id7"/><transition><source ref="id0"/><target ref="id6"/><label kind="synchronisation" x="-320" y="32">doorcloses!</label><nail x="-232" y="136"/></transition><transition><source ref="id0"/><target ref="id7"/><label kind="synchronisation" x="-320" y="184">busmoves!</label><nail x="-392" y="184"/></transition><transition><source ref="id1"/><target ref="id0"/><label kind="synchronisation" x="0" y="152">deductsbal!</label></transition><transition><source ref="id3"/><target ref="id0"/><label kind="synchronisation" x="-136" y="96">deductsbal!</label></transition><transition><source ref="id1"/><target ref="id2"/><label kind="synchronisation" x="96" y="64">lowbalance?</label></transition><transition><source ref="id3"/><target ref="id1"/><label kind="synchronisation" x="-48" y="72">lowbalance?</label></transition><transition><source ref="id4"/><target ref="id2"/><label kind="synchronisation" x="48" y="-56">notregistered?</label></transition><transition><source ref="id4"/><target ref="id3"/><label kind="synchronisation" x="-88" y="-56">registered?</label></transition><transition><source ref="id5"/><target ref="id4"/><label kind="synchronisation" x="-96" y="-80">bluetoothon!</label></transition><transition><source ref="id5"/><target ref="id5"/><label kind="synchronisation" x="-152" y="-24">userswitch?</label><nail x="-152" y="-24"/><nail x="-96" y="-24"/></transition><transition><source ref="id6"/><target ref="id5"/><label kind="synchronisation" x="-216" y="-80">dooropen!</label></transition><transition><source ref="id7"/><target ref="id6"/><label kind="synchronisation" x="-352" y="-72">bus_halt!</label></transition></template><template><name x="5" y="5">Door</name><declaration>// Place local declarations here.
</declaration><location id="id8" x="-8" y="32"><name x="-24" y="48">closing</name><urgent/></location><location id="id9" x="80" y="-112"><name x="64" y="-144">open</name></location><location id="id10" x="-112" y="-112"><name x="-144" y="-152">doorclosed</name></location><init ref="id10"/><transition><source ref="id8"/><target ref="id10"/><label kind="synchronisation" x="-136" y="-48">bus_move!</label></transition><transition><source ref="id9"/><target ref="id8"/><label kind="synchronisation" x="48" y="-48">driver_check!</label></transition><transition><source ref="id10"/><target ref="id9"/><label kind="synchronisation" x="-64" y="-136">bus_halt?</label></transition></template><template><name x="5" y="5">Ticket_system</name><declaration>// Place local declarations here.
</declaration><location id="id11" x="240" y="-72"><name x="216" y="-104">Ticket_issue</name></location><location id="id12" x="48" y="-40"><name x="8" y="-24">creditcard_account</name></location><location id="id13" x="56" y="64"><name x="16" y="80">error_message</name></location><location id="id14" x="56" y="-144"><name x="16" y="-176">mobile_account</name></location><location id="id15" x="-136" y="-88"><name x="-160" y="-120">user</name></location><init ref="id15"/><transition><source ref="id12"/><target ref="id13"/><label kind="synchronisation" x="56" y="0">lowbalance!</label></transition><transition><source ref="id12"/><target ref="id11"/><label kind="synchronisation" x="96" y="-48">deductsbal!</label></transition><transition><source ref="id14"/><target ref="id12"/><label kind="synchronisation" x="-32" y="-112">lowbalance!</label></transition><transition><source ref="id14"/><target ref="id11"/><label kind="synchronisation" x="104" y="-144">deductsbal!</label></transition><transition><source ref="id15"/><target ref="id13"/><label kind="synchronisation" x="-136" y="-16">notregistered?</label></transition><transition><source ref="id15"/><target ref="id14"/><label kind="synchronisation" x="-96" y="-144">registered?</label></transition></template><template><name x="5" y="5">Bluetooth</name><declaration>// Place local declarations here.
</declaration><location id="id16" x="-112" y="-72"><name x="-136" y="-120">bluetooth_off</name></location><location id="id17" x="104" y="-72"><name x="56" y="-120">bluetooth_on</name></location><init ref="id17"/><transition><source ref="id16"/><target ref="id17"/><label kind="synchronisation" x="-64" y="-72">userswitch?</label></transition></template><system>// Place template instantiations here.
//Process = Template();

// List one or more processes to be composed into a system.
system main,Bluetooth,Door,Ticket_system;</system></nta>