<?xml version="1.0" encoding="UTF-8" standalone="no"?>
<project basedir="." default="build" name="TransportUnitApplication">
    <property environment="env"/>
    <property name="ECLIPSE_HOME" value="../../../eclipse"/>
    <property name="TransportInterfaces.location" value="../TransportInterfaces"/>
    <property name="TransportCommunicationProtocols.location" value="../TransportCommunicationProtocols"/>
    <property name="debuglevel" value="source,lines,vars"/>
    <property name="target" value="1.6"/>
    <property name="source" value="1.6"/>
    <path id="TransportInterfaces.classpath">
        <pathelement location="${TransportInterfaces.location}/bin"/>
    </path>
    <path id="TransportCommunicationProtocols.classpath">
        <pathelement location="${TransportCommunicationProtocols.location}/bin"/>
        <pathelement location="${TransportCommunicationProtocols.location}/lib/commons-logging-1.0.4.jar"/>
        <pathelement location="${TransportCommunicationProtocols.location}/lib/log4j-1.2.16.jar"/>
        <path refid="TransportInterfaces.classpath"/>
        <pathelement location="${TransportCommunicationProtocols.location}/lib/json_simple-1.1.jar"/>
    </path>
    <path id="TransportUnitApplication.classpath">
        <pathelement location="bin"/>
        <path refid="TransportCommunicationProtocols.classpath"/>
        <path refid="TransportInterfaces.classpath"/>
    </path>
    <target name="init">
        <mkdir dir="bin"/>
        <copy includeemptydirs="false" todir="bin">
            <fileset dir="src">
                <exclude name="**/*.launch"/>
                <exclude name="**/*.java"/>
            </fileset>
        </copy>
    </target>
    <target name="clean">
        <delete dir="bin"/>
    </target>
    <target depends="clean" name="cleanall">
        <ant antfile="${TransportInterfaces.location}/buildTransportInterfaces.xml" dir="${TransportInterfaces.location}" inheritAll="false" target="clean"/>
        <ant antfile="${TransportCommunicationProtocols.location}/buildTransportCommunicationProtocols.xml" dir="${TransportCommunicationProtocols.location}" inheritAll="false" target="clean"/>
    </target>
    <target depends="build-subprojects,build-project" name="build"/>
    <target name="build-subprojects">
        <ant antfile="${TransportInterfaces.location}/buildTransportInterfaces.xml" dir="${TransportInterfaces.location}" inheritAll="false" target="build-project">
            <propertyset>
                <propertyref name="build.compiler"/>
            </propertyset>
        </ant>
        <ant antfile="${TransportCommunicationProtocols.location}/buildTransportCommunicationProtocols.xml" dir="${TransportCommunicationProtocols.location}" inheritAll="false" target="build-project">
            <propertyset>
                <propertyref name="build.compiler"/>
            </propertyset>
        </ant>
    </target>
    <target depends="init" name="build-project">
        <echo message="${ant.project.name}: ${ant.file}"/>
        <javac debug="true" debuglevel="${debuglevel}" destdir="bin" source="${source}" target="${target}">
            <src path="src"/>
            <classpath refid="TransportUnitApplication.classpath"/>
        </javac>
    </target>
    <target description="Build all projects which reference this project. Useful to propagate changes." name="build-refprojects"/>
    <target description="copy Eclipse compiler jars to ant lib directory" name="init-eclipse-compiler">
        <copy todir="${ant.library.dir}">
            <fileset dir="${ECLIPSE_HOME}/plugins" includes="org.eclipse.jdt.core_*.jar"/>
        </copy>
        <unzip dest="${ant.library.dir}">
            <patternset includes="jdtCompilerAdapter.jar"/>
            <fileset dir="${ECLIPSE_HOME}/plugins" includes="org.eclipse.jdt.core_*.jar"/>
        </unzip>
    </target>
    <target description="compile project with Eclipse compiler" name="build-eclipse-compiler">
        <property name="build.compiler" value="org.eclipse.jdt.core.JDTCompilerAdapter"/>
        <antcall target="build"/>
    </target>
	
    <target name="TransportUnitSimulator">
        <java classname="dsd.transport4you.unit.simulator.TransportUnitSimulator" failonerror="true" fork="yes">
            <classpath refid="TransportUnitApplication.classpath"/>
        </java>
    </target>
	
	<target name="AirodumpWiFiModule">
	        <java classname="dsd.transport4you.unit.modules.hardware.AirodumpWiFiModule" failonerror="true" fork="yes">
	            <classpath refid="TransportUnitApplication.classpath"/>
	        </java>
	</target>
</project>
