<?xml version="1.0" encoding="UTF-8" ?>
<!DOCTYPE struts PUBLIC
    "-//Apache Software Foundation//DTD Struts Configuration 2.0//EN"
    "http://struts.apache.org/dtds/struts-2.0.dtd">
<struts>

	<constant name="struts.custom.i18n.resources" value="t4u" />
	<constant name="struts.i18n.encoding" value="UTF-8"/>
	<constant name="struts.locale" value="en"/>

	<package name="default" namespace="/" extends="struts-default">
		
		<interceptors>
			<interceptor name="authorizationInterceptor" class="dsd.transport4you.interceptors.AuthorizationInterceptor"></interceptor>
			<interceptor name="daoInterceptor" class="dsd.transport4you.interceptors.DAOInterceptor"></interceptor>
				
			<interceptor-stack name="myStack">
				<interceptor-ref name="cookie">
					<param name="cookiesName">*</param>
					<param name="cookiesValue">*</param>
				</interceptor-ref>
				<interceptor-ref name="daoInterceptor" />
				<interceptor-ref name="authorizationInterceptor" />
				<interceptor-ref name="defaultStack" />
			</interceptor-stack>
		</interceptors>

		<default-interceptor-ref name="myStack" />

		<global-results>
			<result name="success" type="stream">
				<param name="contentType">text/html</param>
				<param name="inputName">result</param>
			</result>
			<result name="noPermission">noPermission.jsp</result>
			<result name="notLoggedIn" type="redirectAction">
			    <param name="actionName">Login</param>
            	<param name="namespace">/</param>
			</result>
		</global-results>

		<action name="Tasks" class="dsd.transport4you.actions.user.Tasks">
			<result name="success">welcome.jsp</result>
		</action>

		<action name="Login"
			class="dsd.transport4you.actions.authorization.LoginAction">
			<result name="success" type="redirectAction">Tasks</result>
			<result name="input" type="redirectAction">
				<param name="actionName">Index</param>
				<param name="namespace">/</param>
				<param name="errorMsg">${errorMsg}</param>
			</result>
		</action>

		<action name="Logout"
			class="dsd.transport4you.actions.authorization.LogoutAction">
			<result name="success" type="redirectAction">Index</result>
		</action>

		<action name="Register" class="dsd.transport4you.actions.user.RegisterAction">
			<result name="success" type="redirectAction">Tasks</result>
			<result name="error">register.jsp</result>
			<result name="input">register.jsp</result>
		</action>

		<action name="Index" class="dsd.transport4you.actions.IndexAction">
			<result name="success">index.jsp</result>
		</action>

		<action name="ConfigNews"
			class="dsd.transport4you.actions.admin.news.ConfigNewsAction">
			<result name="success" type="redirectAction">Tasks</result>
			<result name="error" type="redirectAction">ConfigNews</result>
			<result name="input">configNews.jsp</result>
		</action>
		<action name="ListAllNews"
			class="dsd.transport4you.actions.admin.news.ListAllNewsAction">
			<result name="success">listAllNews.jsp</result>
		</action>

		<action name="ConfigRouteInterruption"
			class="dsd.transport4you.actions.admin.routes.ConfigRouteInterruptionAction">
			<result name="success" type="redirectAction">
				<param name="actionName">ConfigRouteInterruption</param>
				<param name="namespace">/</param>
				<param name="message">${message}</param>
			</result>
			<result name="error" type="redirectAction">
				<param name="actionName">ConfigRouteInterruption</param>
				<param name="namespace">/</param>
				<param name="message">${message}</param>
			</result>
			<result name="input">configRouteInterruption.jsp</result>
		</action>
		<action name="ConfigRouteModification"
			class="dsd.transport4you.actions.admin.routes.ConfigRouteModificationAction">
			<result name="success" type="redirectAction">
				<param name="actionName">ConfigRouteModification</param>
				<param name="namespace">/</param>
				<param name="message">${message}</param>
			</result>
			<result name="error" type="redirectAction">
				<param name="actionName">ConfigRouteModification</param>
				<param name="namespace">/</param>
				<param name="message">${message}</param>
			</result>
			<result name="input">configRouteModification.jsp</result>
		</action>
		

		<!-- **** USER ACTIONS **** -->
		<action name="ConfigUserInformation"
			class="dsd.transport4you.actions.user.ConfigUserInformationAction">
			<result name="success">configUserInformation.jsp</result>
			<result name="error" type="redirectAction">ConfigUserInformation</result>
			<result name="input">configUserInformation.jsp</result>
		</action>

		<action name="ConfigUserTickets"
			class="dsd.transport4you.actions.user.ConfigUserTicketsAction">
			<result name="success" type="redirectAction">ConfigUserTickets</result>
			<result name="error" type="redirectAction">ConfigUserTickets</result>
			<result name="input">configUserTickets.jsp</result>
		</action>

		<action name="FetchTransportLineData"
			class="dsd.transport4you.actions.admin.routes.FetchTransportLineDataAjax" />

	</package>
</struts>
